,,,,,,,,,,,,,,,
model-based estimates of unemployment,,,,,,,,,,,,,,,
ONS Crown Copyright Reserved [from Nomis on 30 March 2019],,,,,,,,,,,,,,,
Analysis   :,standard,,,,,,,,,,,,,,
Item Name  :,Unemployment rate (model based),,,,,,,,,,,,,,
Confidence :,95% confidence interval (+/-),,,,,,,,,,,,,,
,,,,,,,,,,,,,,,
LA_Name,LA_Code,Jul09_Jun10,Conf_0910,Jul10_Jun11,Conf_1011,Jul11_Jun12,Conf_1112,Jul12_Jun13,Conf_1213,Jul13_Jun14,Conf_1314,Jul14_Jun15,Conf_1415,Jul15_Jun16,Conf_1516
Darlington,E06000005,8.9,1.3,8.4,1.3,9.9,1.5,9.8,1.6,8.5,1.3,7,1.2,7.1,1.1
County Durham,E06000047,8.8,-,8.3,-,10,-,8.9,-,8.7,-,6.6,-,7,-
Hartlepool,E06000001,11.9,1.6,12.5,1.7,16.3,2.1,13.2,1.9,12.5,1.7,10.4,1.5,9.8,1.4
Middlesbrough,E06000002,13.1,1.7,15.1,1.9,15.6,2.1,15.6,2.2,13.4,1.9,10.7,1.6,10,1.5
Northumberland,E06000057,7.3,-,7.5,-,8.4,-,6.8,-,7,-,6.1,-,6.2,-
Redcar and Cleveland,E06000003,12,1.6,12.1,1.7,13.7,1.9,11.8,1.8,9.2,1.5,8.3,1.4,8.9,1.4
Stockton-on-Tees,E06000004,9.2,1.3,9.5,1.4,10.7,1.6,10.5,1.8,9.2,1.5,7.4,1.3,7.4,1.2
Gateshead,E08000037,9.1,1.3,10.1,1.5,11.9,1.7,8.9,1.6,8.6,1.4,7.2,1.2,7.1,1.1
Newcastle upon Tyne,E08000021,10.6,1.5,9.4,1.4,10.8,1.7,11.1,1.8,10.2,1.6,8.6,1.5,9,1.4
North Tyneside,E08000022,8.3,1.2,9,1.3,10.7,1.6,7.9,1.4,7.9,1.4,6.3,1.1,6.9,1.1
South Tyneside,E08000023,13.5,1.7,11,1.5,13,1.7,12.3,1.8,10.8,1.5,8.7,1.4,9.3,1.4
Sunderland,E08000024,11.2,1.5,10.7,1.5,12.2,1.7,10.4,1.7,10.1,1.6,8.3,1.4,8,1.3
Blackburn with Darwen,E06000008,8.8,1.2,9,1.4,9.8,1.5,9,1.6,8.6,1.4,7.3,1.3,7.3,1.1
Blackpool,E06000009,8.8,1.2,10.1,1.4,10.6,1.6,9.3,1.6,9.9,1.6,7.8,1.5,6.3,1.1
Cheshire East,E06000049,6,-,5.6,-,6.1,-,5.6,-,5.1,-,3.7,-,3.3,-
Cheshire West and Chester,E06000050,6.8,-,6.5,-,7.4,-,6.2,-,5.6,-,4.3,-,4.1,-
Halton,E06000006,10,1.3,9.6,1.4,10.8,1.6,9.6,1.6,8,1.3,6,1.1,5.2,0.9
Warrington,E06000007,6.6,1,6,1,7.2,1.2,6.6,1.3,5.5,1,4.5,0.9,3.9,0.7
Allerdale,E07000026,5.7,1.4,6.6,1.6,7.4,1.8,6.4,1.8,6.7,1.7,5,1.4,4,1
Barrow-in-Furness,E07000027,6.7,1.9,9,2.5,9.4,2.4,8.8,2.7,7.9,2.3,7.2,2,5.7,1.5
Carlisle,E07000028,5.7,1.3,6.2,1.5,6.7,1.6,5,1.4,6,1.5,3.7,1,3.6,0.9
Copeland,E07000029,6.7,1.7,7.1,2,8.2,2.4,7.3,2.2,6.7,1.9,5.5,1.6,5.4,1.5
Eden,E07000030,3.2,1,3.9,1.3,3.4,1.1,2.8,1,2.8,0.9,2.2,0.8,2.2,0.8
South Lakeland,E07000031,3.3,0.9,3.4,0.9,3.4,0.9,2.7,0.8,3,0.9,2.5,0.8,2.5,0.7
Bolton,E08000001,9.2,1.3,8.1,1.3,9.6,1.5,9.3,1.5,9.1,1.4,6.2,1.1,6.5,1.1
Bury,E08000002,8,1.1,7.1,1.2,8.4,1.4,7.9,1.4,6.8,1.3,6.2,1.2,5.1,0.9
Manchester,E08000003,11.9,1.5,11.2,1.5,12.9,1.7,12,1.7,10.2,1.5,8.1,1.3,7.6,1.1
Oldham,E08000004,9,1.2,9.3,1.4,10.7,1.6,9.8,1.6,9.3,1.5,7.1,1.3,6.7,1.1
Rochdale,E08000005,10.1,1.3,9.2,1.3,11,1.6,9.7,1.6,10.2,1.5,7,1.3,7.2,1.1
Salford,E08000006,10.4,1.4,9.4,1.4,10,1.5,11.1,1.8,10.1,1.5,6.9,1.2,7,1.1
Stockport,E08000007,7.2,1,6.6,1.1,7.3,1.2,6.3,1.2,5.8,1,5.2,0.9,4.2,0.7
Tameside,E08000008,8.3,1.2,9.8,1.5,10.1,1.6,9,1.6,8.6,1.4,5.2,1,5.7,1
Trafford,E08000009,7.2,1,6.2,1,7.3,1.2,6.6,1.2,5.9,1,5,0.9,3.7,0.7
Wigan,E08000010,8.2,1.1,8.3,1.3,9.1,1.4,8.4,1.5,8.4,1.4,5.2,1,5.1,0.9
Burnley,E07000117,8.7,2.2,7.2,1.9,8.3,2.4,9.5,3.2,10.2,3.1,7.1,2,6,1.6
Chorley,E07000118,5.5,1.3,5,1.2,5.8,1.5,5.3,1.5,4.7,1.2,3.9,1.1,3.4,1
Fylde,E07000119,4.6,1.4,5.1,1.5,5.3,1.7,4.2,1.4,5.1,1.7,3.8,1.2,3.8,1.2
Hyndburn,E07000120,8,2,7.1,1.9,7.4,2.1,7.7,2.5,8.2,2.5,6.1,1.9,5.7,1.8
Lancaster,E07000121,6,1.4,6.2,1.5,7,1.9,7,2,6.8,1.7,5.1,1.4,5,1.3
Pendle,E07000122,7.2,1.8,7.5,2,8.7,2.6,8.2,2.6,8.4,2.4,5.3,1.7,5.2,1.6
Preston,E07000123,8.9,1.8,7.8,1.7,9.1,2.1,7.4,2,7.4,1.8,5.5,1.4,5.7,1.4
Ribble Valley,E07000124,3.8,1.3,3.6,1.2,3.8,1.3,3.5,1.5,4.3,1.6,3.3,1.2,2.6,1
Rossendale,E07000125,8.2,2.6,8.1,2.5,8.2,2.4,5.9,2.1,7.8,2.6,4.6,1.5,4.9,1.6
South Ribble,E07000126,5.7,1.3,5,1.2,5.6,1.5,5,1.5,5.7,1.6,4.4,1.3,3.1,0.9
West Lancashire,E07000127,7.9,1.8,6.1,1.6,8,2.1,6.9,1.9,6.9,1.8,5,1.4,4.4,1.2
Wyre,E07000128,4.4,1.1,5.2,1.4,6.3,1.7,5.9,1.8,5.2,1.5,3.9,1.2,4,1.1
Knowsley,E08000011,10.9,1.6,12.1,1.8,12.6,1.9,11.7,2,9.8,1.7,7.9,1.4,6.4,1.2
Liverpool,E08000012,12,1.6,11.9,1.7,11,1.8,11.5,1.8,12.6,1.9,10.2,1.7,7.6,1.4
Sefton,E08000014,8.6,1.3,9.6,1.5,8.7,1.6,8.3,1.6,8.4,1.5,5.3,1.1,5.3,1
St. Helens,E08000013,8.2,1.3,9.1,1.5,9.2,1.6,7.8,1.5,10,1.7,7.5,1.4,5.9,1.1
Wirral,E08000015,8.6,1.3,8.9,1.4,8.1,1.4,7.1,1.4,8.1,1.5,6.2,1.2,4.8,1
East Riding of Yorkshire,E06000011,6.6,1,6.2,1,7,1.2,6.5,1.2,5.7,1.1,4.7,0.9,3.9,0.7
"Kingston upon Hull, City of",E06000010,14.1,1.7,14.4,1.8,15.8,1.9,14.8,2,12.6,1.8,10.5,1.7,8,1.3
North East Lincolnshire,E06000012,11,1.4,11.2,1.6,12.3,1.7,11.3,1.7,9.7,1.5,8.6,1.4,6.8,1.1
North Lincolnshire,E06000013,8,1.1,7.8,1.2,8.4,1.3,7.6,1.4,6.7,1.2,5.6,1.1,6,1.1
York,E06000014,6.5,1,6.4,1.1,6.4,1.1,5.6,1,5,0.9,3.9,0.8,3.5,0.7
Craven,E07000163,5.5,1.8,5.6,1.9,6.3,2.1,4,1.5,4.5,1.6,3.4,1.2,3.2,1.1
Hambleton,E07000164,4.3,1.2,4.3,1.4,4.9,1.6,4,1.3,4.2,1.3,3.1,1,2.8,0.8
Harrogate,E07000165,4.8,1,5.1,1.2,5.8,1.4,3.6,1,3.2,0.9,2.2,0.6,2.8,0.7
Richmondshire,E07000166,4.6,1.4,5.2,1.8,5.5,1.8,4.6,1.6,3.8,1.4,2.8,1.2,2.5,1.1
Ryedale,E07000167,4.2,1.3,4.4,1.6,5,1.8,4.4,1.6,4.2,1.7,3,1.1,3.3,1.2
Scarborough,E07000168,8.9,2.1,8.5,2.2,8.4,2.2,8.1,2.2,8,2.2,5.1,1.4,3.7,1
Selby,E07000169,7.3,1.9,5.7,1.5,6.4,1.7,4.9,1.4,5.1,1.4,4.7,1.3,3.6,1
Barnsley,E08000016,9.2,1.3,10.3,1.5,10.3,1.6,10.7,1.7,9,1.4,6.4,1.1,6.1,1
Doncaster,E08000017,9.7,1.3,10.3,1.5,12.8,1.8,10.3,1.7,8.6,1.4,8.4,1.4,6.2,1.1
Rotherham,E08000018,10,1.3,10.4,1.4,11.3,1.6,10.4,1.7,9.7,1.6,7.6,1.3,6.4,1.1
Sheffield,E08000019,9.2,1.3,8.9,1.3,10.5,1.6,10.2,1.6,9.6,1.5,7.3,1.3,7.3,1.2
Bradford,E08000032,10,1.4,9.8,1.4,11.2,1.7,10.8,1.7,10.2,1.6,8.7,1.4,7.6,1.2
Calderdale,E08000033,8.5,1.2,8.6,1.3,9.2,1.4,8,1.4,7.6,1.3,5.7,1,5.1,0.9
Kirklees,E08000034,8.2,1.2,8.2,1.3,9.3,1.5,8.2,1.5,7.7,1.3,6.5,1.2,5.9,1
Leeds,E08000035,9,1.1,8.8,1.2,10.1,1.4,9.7,1.5,9.3,1.4,6.7,1.1,6.1,1
Wakefield,E08000036,8.3,1.1,9.3,1.4,9.8,1.5,10,1.6,8.3,1.3,6.4,1.2,5.6,0.9
Derby,E06000015,7.9,1.2,9.7,1.4,9.8,1.5,9.7,1.6,7.4,1.3,5.9,1.2,5,1
Leicester,E06000016,11.2,1.5,11.4,1.6,12.5,1.8,13.9,2,11.8,1.7,7.7,1.4,6.6,1.2
Nottingham,E06000018,12.7,1.7,13.4,1.8,13.3,1.8,14.3,1.9,11.9,1.8,8.4,1.5,8,1.4
Rutland,E06000017,4.2,0.9,4.6,1.1,4.7,1.2,3.6,1.1,3.4,0.9,2.8,0.8,2.4,0.7
Amber Valley,E07000032,6.4,1.5,7.6,2,7.8,2.1,6.1,1.7,4.7,1.4,3.9,1.2,3.5,1
Bolsover,E07000033,6.5,1.9,8.4,2.5,8.9,3,6.4,2.1,6.6,2.1,5,1.9,3.7,1.3
Chesterfield,E07000034,7.6,1.9,8.8,2.2,10,2.6,7.8,2.3,6.8,2,5.3,1.7,4.7,1.3
Derbyshire Dales,E07000035,4.3,1.2,4.1,1.5,4.6,1.7,4.3,1.6,3.5,1.1,2.3,0.8,2,0.7
Erewash,E07000036,7.8,1.8,9.5,2.4,8.7,2.4,6.7,2,6.1,1.8,4.9,1.5,3.6,1.1
High Peak,E07000037,6.1,1.5,6.8,1.7,6.7,1.8,6.5,1.9,5.3,1.6,4.5,1.5,3.2,1
North East Derbyshire,E07000038,6.3,1.7,8.8,2.3,7.4,2.1,6,1.9,5.4,1.6,4.2,1.4,3.7,1.2
South Derbyshire,E07000039,5.6,1.4,5,1.4,6.5,1.9,5.8,1.8,3.8,1.2,3.4,1.1,2.7,0.9
Blaby,E07000129,5.7,1.4,4.8,1.3,5.6,1.6,5.1,1.6,4.1,1.2,3.2,1,2.9,0.9
Charnwood,E07000130,6.2,1.2,6.7,1.5,6.9,1.6,6.2,1.6,4.6,1.2,4.1,1.1,3.5,0.9
Harborough,E07000131,4.9,1.2,4.4,1.3,4,1.3,3.8,1.3,3.3,1.1,2.5,0.8,2.1,0.7
Hinckley and Bosworth,E07000132,6.9,1.7,6.4,1.8,6.8,1.8,6.4,2,4.5,1.5,3.6,1.2,2.8,0.8
Melton,E07000133,4.6,1.5,5,1.6,5.2,1.8,4.2,1.7,3.7,1.4,3.9,1.4,3.2,1.1
North West Leicestershire,E07000134,5.1,1.2,5.5,1.4,6.5,1.8,6.7,2,5.7,1.7,4.2,1.2,2.8,0.8
Oadby and Wigston,E07000135,6.3,1.7,6.7,2.2,7.1,2.2,6.3,2.1,5,1.7,4.7,1.7,3.9,1.3
Boston,E07000136,7.1,2,7.7,2.4,7.8,2.5,6.2,2.2,5.2,1.8,5.6,2,3.9,1.3
East Lindsey,E07000137,6,1.5,7.2,1.8,7.3,1.9,8.5,2.4,6.6,1.7,5.4,1.5,4.5,1.2
Lincoln,E07000138,8.5,1.9,7.7,2,11,2.8,9.3,2.6,8,2.2,5.9,1.8,6.1,1.7
North Kesteven,E07000139,4.9,1.2,5,1.3,6,1.6,5.8,1.7,4.1,1.2,3.4,1.1,3.2,0.9
South Holland,E07000140,6.6,1.7,6.3,1.7,6.9,2.1,7.2,2.2,5.3,1.6,4.6,1.4,3.6,1.1
South Kesteven,E07000141,5.8,1.3,5.9,1.4,5.6,1.4,5.7,1.5,5.2,1.3,4.3,1.2,3.6,1
West Lindsey,E07000142,7,1.8,7.5,1.9,8.2,2.3,8.4,2.5,6.4,1.9,5.6,1.6,4.2,1.2
Corby,E07000150,8.4,2.3,8.6,2.4,8,2.3,9.6,3.1,8.6,2.6,5.5,1.8,5,1.6
Daventry,E07000151,5.8,1.4,5.3,1.6,6.1,1.9,5.6,1.9,4.3,1.5,3.4,1.2,3.2,1
East Northamptonshire,E07000152,5.6,1.4,5.2,1.4,6.3,1.7,6.4,2,4.6,1.4,3.4,1,2.9,0.9
Kettering,E07000153,7.2,1.7,6.4,1.9,7.1,2,6.9,2.2,5.5,1.7,5.4,1.6,3.6,1
Northampton,E07000154,8.4,1.5,7.7,1.5,8.2,1.8,8.4,2,6.7,1.5,5.3,1.3,4,0.9
South Northamptonshire,E07000155,4.7,1.2,4.6,1.2,4.3,1.2,3,1,2.7,0.8,2.4,0.8,2.2,0.7
Wellingborough,E07000156,7.1,1.8,6.6,1.8,8.7,2.5,9.4,2.8,6.7,2,4.9,1.4,4,1.2
Ashfield,E07000170,7.3,1.7,9.1,2.2,10.1,2.6,9.3,2.6,7.3,2.1,5.2,1.6,4.7,1.3
Bassetlaw,E07000171,6.8,1.6,7.8,1.9,8.3,2.1,7.8,2.2,6.7,1.9,4.9,1.6,4.6,1.4
Broxtowe,E07000172,6.3,1.4,7.1,1.8,7.7,2.1,6.8,2,6.2,1.9,5.5,1.7,3.4,1
Gedling,E07000173,6.6,1.6,6.6,1.8,7.4,2,8.4,2.3,5.9,1.7,5.2,1.5,3.8,1.1
Mansfield,E07000174,7.5,1.9,10.3,2.6,10.6,2.7,8.6,2.5,8.3,2.3,5.8,1.8,5,1.4
Newark and Sherwood,E07000175,5.5,1.3,6.2,1.6,6.7,1.8,6.8,1.9,5.1,1.5,5.3,1.6,4.5,1.3
Rushcliffe,E07000176,4.5,1.1,5.4,1.4,5.3,1.5,4.7,1.4,4.1,1.2,3.8,1.2,2.8,0.8
"Herefordshire, County of",E06000019,5.5,0.9,5,0.9,5.9,1.1,5.5,1,4.5,0.8,3.3,0.6,3.5,0.6
Shropshire,E06000051,5.4,-,5.4,-,6.2,-,5.8,-,4.6,-,4,-,3.3,-
Stoke-on-Trent,E06000021,10,1.3,10.5,1.5,9.9,1.5,8.6,1.6,9.2,1.6,6.4,1.3,6.3,1.1
Telford and Wrekin,E06000020,7.7,1.1,9.1,1.4,8.4,1.4,9.3,1.6,6.7,1.2,5.4,1,4.9,0.9
Cannock Chase,E07000192,7.6,1.8,8.5,2,8.9,2.4,7.3,2.3,5.4,1.7,4.3,1.4,3.7,1.1
East Staffordshire,E07000193,6.5,1.4,6.1,1.5,6.3,1.6,5.5,1.7,4.2,1.3,3.6,1.2,3.9,1
Lichfield,E07000194,5.7,1.3,5,1.4,6.7,1.9,5.1,1.5,4.5,1.3,3.2,1.1,2.9,0.9
Newcastle-under-Lyme,E07000195,6.9,1.5,8.3,2,7.1,1.9,6.1,1.9,5.8,1.6,4.3,1.3,4.2,1.1
South Staffordshire,E07000196,6.4,1.4,6.3,1.5,6.4,1.7,6.3,1.8,4.8,1.4,4.4,1.3,3.6,1
Stafford,E07000197,6.2,1.4,4.9,1.2,5,1.3,4.5,1.3,4.1,1.2,4,1.2,3.3,0.9
Staffordshire Moorlands,E07000198,4.8,1.3,4.7,1.3,5.4,1.5,5.7,1.8,4.2,1.4,3.2,1.1,2.9,0.9
Tamworth,E07000199,8.2,2.2,9.5,2.9,9.8,2.8,7.1,2.4,4.6,1.8,3.4,1.3,3.1,1.1
North Warwickshire,E07000218,7.2,2,5.2,1.7,6.5,2.2,6.2,2.3,4.7,1.7,3.4,1.2,3.4,1.3
Nuneaton and Bedworth,E07000219,8.6,1.9,8.5,1.9,8.5,2.1,6.9,2,6.6,1.8,5.7,1.5,5.8,1.4
Rugby,E07000220,7.1,1.7,7,1.8,5.7,1.6,4.7,1.4,4.3,1.2,3.3,0.9,3.4,0.9
Stratford-on-Avon,E07000221,4.1,0.9,3.9,1,4.6,1.2,3.8,1.1,2.8,0.8,2.2,0.6,2.3,0.6
Warwick,E07000222,6,1.3,5.2,1.2,5.1,1.2,5,1.3,4.1,1,2.9,0.8,2.9,0.7
Birmingham,E08000025,12.9,1.5,12.3,1.5,13.6,1.7,16.6,2,11.9,1.6,10,1.5,10,1.4
Coventry,E08000026,10,1.3,9.1,1.3,9,1.4,9.7,1.6,8.1,1.4,6.7,1.2,6,1
Dudley,E08000027,9.6,1.3,10.6,1.6,9.1,1.4,8.9,1.5,8.4,1.4,6.9,1.2,6.7,1.1
Sandwell,E08000028,13.2,1.6,11.4,1.5,12.7,1.7,12.1,1.7,11.2,1.7,9.6,1.6,8.2,1.3
Solihull,E08000029,8.4,1.2,7.6,1.2,7.2,1.2,6.9,1.2,5.9,1.1,5.1,1,4.8,0.8
Walsall,E08000030,11.6,1.5,10.7,1.6,11,1.7,11.3,1.8,9.7,1.6,8.1,1.4,7.7,1.2
Wolverhampton,E08000031,12.7,1.6,12.6,1.7,13.1,1.8,13.5,1.9,12.1,1.7,10.4,1.6,9.2,1.4
Bromsgrove,E07000234,6.1,1.5,5.6,1.6,5.6,1.6,5.1,1.6,3.9,1.1,4.1,1.2,3.8,1
Malvern Hills,E07000235,5,1.3,5.2,1.6,5.8,1.9,4.7,1.5,4,1.2,3.8,1.2,4.3,1.3
Redditch,E07000236,7.8,1.8,8.3,2.2,6.2,1.7,6.6,1.9,5.6,1.5,4.9,1.4,4.9,1.3
Worcester,E07000237,7.1,1.7,8.1,2.2,7.3,2,6.8,2.1,5.5,1.5,5,1.4,4.1,1.1
Wychavon,E07000238,5.7,1.3,4.6,1.1,5.3,1.4,5.2,1.5,4,1.1,3.1,0.9,3.2,0.8
Wyre Forest,E07000239,7.4,1.8,6.6,1.7,7.6,2,7.3,2,5.7,1.5,4.9,1.4,4,1.1
Bedford,E06000055,7.6,1.4,7.3,1.5,7.4,1.6,7.9,1.9,6.5,1.5,6.1,1.4,4.4,1
Central Bedfordshire,E06000056,5.9,-,5.8,-,5.9,-,5.7,-,4.4,-,3.7,-,3.1,-
Luton,E06000032,9.6,1.5,9.3,1.6,10.1,1.7,9.2,1.7,8.8,1.5,6,1.2,5.3,1.1
Peterborough,E06000031,9.1,1.3,9.8,1.5,9.5,1.6,9.5,1.7,7.4,1.3,6.6,1.2,4.3,0.8
Southend-on-Sea,E06000033,7.9,1.2,8.2,1.3,7.7,1.3,7.9,1.5,7.5,1.4,5.6,1.1,5.4,1
Thurrock,E06000034,7.6,1.1,8.7,1.4,9.3,1.5,7.8,1.4,7.3,1.3,6.6,1.2,4.9,0.9
Cambridge,E07000008,5.2,1.2,5.5,1.4,5.1,1.5,4.6,1.4,4.5,1.3,3.2,1,3.6,1
East Cambridgeshire,E07000009,4.8,1.3,5.2,1.5,5.3,1.5,5.5,1.7,4.2,1.2,3.8,1.1,3.1,0.9
Fenland,E07000010,7.3,1.8,8.2,2.2,10.3,3.2,8.9,2.6,5.6,1.6,4.7,1.5,3.7,1.1
Huntingdonshire,E07000011,6,1.2,5.6,1.2,5.5,1.3,5.2,1.4,3.9,1,3,0.8,2.6,0.7
South Cambridgeshire,E07000012,4.1,0.9,4,0.9,4.3,1.1,3.9,1.1,3.1,0.8,2.7,0.7,2.4,0.6
Basildon,E07000066,8.1,1.5,7.5,1.6,7.4,1.8,8.9,2.4,6.6,1.7,5.5,1.4,4.4,1.1
Braintree,E07000067,6.3,1.3,6.1,1.4,6.6,1.6,6.8,1.8,5.5,1.4,4.3,1.1,3.8,1
Brentwood,E07000068,5,1.4,4.7,1.4,4.7,1.5,3.9,1.4,3.7,1.3,3.6,1.3,3,1.1
Castle Point,E07000069,7.1,1.8,6.8,1.8,6.8,2,7.5,2.3,5.4,1.7,4.5,1.5,3.8,1.3
Chelmsford,E07000070,6.2,1.2,6.4,1.3,5.7,1.3,6.1,1.5,4.7,1.2,4.6,1.1,3.6,0.9
Colchester,E07000071,6.8,1.4,6.4,1.4,7,1.6,6.5,1.7,5.9,1.5,4.1,1.1,3.7,0.9
Epping Forest,E07000072,7.1,1.8,6.7,1.7,7.1,1.8,5.3,1.5,5.7,1.6,4.7,1.3,3.3,0.9
Harlow,E07000073,9.4,2.3,8.5,2.4,9.4,2.7,10,3,7,2.2,6.7,2.1,4.2,1.2
Maldon,E07000074,6.5,1.8,6.5,2,4.8,1.7,5.3,1.8,4.8,1.5,5,1.8,3,1.2
Rochford,E07000075,5.2,1.4,4.9,1.5,5.4,1.7,5.1,1.7,4.3,1.4,4,1.4,2.6,0.9
Tendring,E07000076,7.6,1.9,10,2.5,8.8,2.3,9.3,2.6,8.2,2.1,6.4,1.9,6.1,1.6
Uttlesford,E07000077,4.5,1.2,4.3,1.2,4.1,1.3,3.4,1.1,2.7,0.9,3,0.9,2.4,0.8
Broxbourne,E07000095,7.3,1.8,7.5,2,6.7,2,6,2,5.2,1.5,4.7,1.3,3.5,1
Dacorum,E07000096,6.3,1.4,5.4,1.3,6.2,1.5,5.2,1.4,4,1,4.1,1,3.3,0.8
East Hertfordshire,E07000242,4.6,1,4.9,1.2,4.8,1.2,4.4,1.3,3.8,1,3.2,0.8,2.9,0.7
Hertsmere,E07000098,6,1.4,5.9,1.5,5.9,1.7,5.5,1.7,4.6,1.3,5.3,1.6,3.4,1
North Hertfordshire,E07000099,6,1.3,6.2,1.4,6.1,1.5,6.4,1.7,5,1.3,4.6,1.2,3.1,0.8
St Albans,E07000240,4.6,1,4.6,1.1,4.5,1.2,4.9,1.3,3.7,1,3.3,0.9,2.8,0.8
Stevenage,E07000243,7.2,1.9,7.1,2,7.8,2.4,7.8,2.3,6.7,1.8,5.8,1.6,4,1.1
Three Rivers,E07000102,5.8,1.4,6.7,1.8,5.9,1.7,6,1.8,4.5,1.3,3.5,1.1,3.1,1
Watford,E07000103,6,1.5,7.5,1.9,5.8,1.7,4.8,1.5,5.2,1.5,4.5,1.3,4.2,1.3
Welwyn Hatfield,E07000241,6.2,1.5,7.2,1.9,7.1,2,5.3,1.6,5.7,1.6,5.1,1.4,4,1.1
Breckland,E07000143,6.3,1.4,6.1,1.6,6.1,1.6,7.8,2,5,1.3,4.6,1.2,3.5,0.9
Broadland,E07000144,5,1.2,5,1.3,4.5,1.3,4.4,1.3,4,1.1,3.5,1,3,0.8
Great Yarmouth,E07000145,9,2.4,10.4,2.9,10.2,2.7,9.5,2.7,8.1,2.1,6.8,2,5.2,1.6
King's Lynn and West Norfolk,E07000146,7.2,1.6,7.3,1.7,7.4,1.9,7,1.9,6.1,1.6,5,1.3,3.6,1
North Norfolk,E07000147,5.5,1.5,6.8,1.8,6.3,1.9,5.1,1.7,4.6,1.5,4.7,1.5,3.4,1.1
Norwich,E07000148,9.2,2,8.9,2,9.3,2.1,9.9,2.4,8.2,2,6.1,1.5,5.3,1.2
South Norfolk,E07000149,5.8,1.3,5.3,1.3,5.2,1.4,4.3,1.2,4.5,1.2,3.8,1.1,2.7,0.7
Babergh,E07000200,5.4,1.3,5.4,1.5,5.6,1.5,5.9,1.8,4.3,1.4,3.9,1.3,3.2,0.9
Forest Heath,E07000201,5.7,1.6,5.8,1.8,4.9,1.6,6.1,2.1,4.2,1.3,3.4,1.1,2.6,0.9
Ipswich,E07000202,8.4,1.7,8.5,1.9,9.2,2.1,8.9,2.2,7.1,1.7,6.6,1.6,4.7,1.1
Mid Suffolk,E07000203,5,1.2,4.8,1.2,5.1,1.4,3.9,1.2,3.7,1.1,3.6,1.1,3.2,0.9
St Edmundsbury,E07000204,5.6,1.3,5.5,1.4,5.5,1.4,5.3,1.5,4.4,1.2,3.9,1.1,3,0.8
Suffolk Coastal,E07000205,4.8,1.1,4.7,1.2,4,1.1,4.4,1.3,3.8,1,3.2,0.9,2.7,0.7
Waveney,E07000206,7.6,1.7,9.5,2.1,8.7,2.1,8.2,2.3,7.7,2,5.2,1.5,5,1.4
Camden,E09000007,9.2,1.6,8.4,1.6,8.4,1.7,8.7,1.8,6.7,1.5,6.3,1.4,5.7,1.2
City of London,E09000001,-,-,-,-,-,-,-,-,-,-,-,-,-,-
Hackney,E09000012,10.3,1.7,11.6,1.9,10.3,1.9,11.5,2.2,9.1,1.7,7.3,1.5,8,1.5
Hammersmith and Fulham,E09000013,8.8,1.6,8.2,1.5,8.6,1.7,8.9,1.8,6.5,1.4,5.7,1.2,6.1,1.2
Haringey,E09000014,12.1,2,12.3,2.1,10.9,2.1,10,2,8.9,1.7,7.1,1.5,7.1,1.3
Islington,E09000019,9.9,1.7,9.2,1.7,10.1,1.9,11.1,2.2,7.8,1.6,7.2,1.6,6.5,1.3
Kensington and Chelsea,E09000020,7.4,1.4,7.3,1.5,6.9,1.4,7.1,1.5,6.3,1.3,5.5,1.2,5.1,1.1
Lambeth,E09000022,9.6,1.6,11.1,1.9,9.8,1.8,8.5,1.9,7.9,1.6,6.6,1.5,6.5,1.3
Lewisham,E09000023,10.2,1.8,10.9,2,10.7,2,10.6,2.1,7.9,1.6,6.3,1.4,7.5,1.5
Newham,E09000025,12.2,2,13.9,2.2,13.7,2.4,11.8,2.2,11.2,2,7.8,1.6,7.6,1.4
Southwark,E09000028,10.7,1.9,11.2,2,10.7,1.9,9.9,2,10.1,1.8,7.4,1.5,6.7,1.3
Tower Hamlets,E09000030,12,2,13.1,2.2,12.7,2.2,13.6,2.4,9.8,1.9,8.9,1.8,7.2,1.5
Wandsworth,E09000032,6.6,1.3,7.1,1.4,6.6,1.4,7.5,1.6,5.3,1.2,5,1.1,4.9,1
Westminster,E09000033,8,1.6,7.9,1.5,7.8,1.5,7.7,1.6,5.5,1.2,6.7,1.4,5.8,1.2
Barking and Dagenham,E09000002,12.7,2.1,13.4,2.2,12.3,2.2,14.8,2.6,11.3,2.1,10.4,2.1,8.8,1.7
Barnet,E09000003,7.6,1.3,7.6,1.4,8.9,1.7,7.1,1.5,6.6,1.4,6.6,1.4,5.2,1
Bexley,E09000004,8.5,1.5,8,1.6,8,1.7,8.3,1.8,6.4,1.5,6.8,1.5,5,1.1
Brent,E09000005,9.4,1.7,10.4,2,10.5,2,10.6,2,8.7,1.6,6.4,1.3,7.9,1.4
Bromley,E09000006,6.6,1.3,6.9,1.4,6.6,1.4,6.6,1.5,5.5,1.1,5.4,1.2,5,1
Croydon,E09000008,9.2,1.6,8.7,1.6,10.6,1.9,9.7,2,8.1,1.6,6.4,1.3,5.3,1
Ealing,E09000009,9.7,1.6,9.1,1.7,10.6,1.9,10.7,2.1,9.4,1.8,6.9,1.4,6.5,1.2
Enfield,E09000010,10.6,1.6,11,1.9,12.8,2.3,10.6,2.1,8.7,1.7,7,1.5,6.3,1.3
Greenwich,E09000011,10.1,1.6,9.6,1.6,12,2.1,10.3,2.1,10,1.9,8.2,1.7,6.5,1.3
Harrow,E09000015,7.4,1.3,7.1,1.4,6.9,1.3,7.6,1.5,6.9,1.4,4.8,1,4.7,1
Havering,E09000016,8.4,1.5,8.6,1.7,9,1.9,9.8,2.1,6.6,1.5,7,1.5,5.3,1.2
Hillingdon,E09000017,8.3,1.5,8.4,1.6,8.2,1.6,8.6,1.8,6.4,1.4,6,1.3,5.4,1.1
Hounslow,E09000018,8,1.4,7.6,1.4,8.1,1.5,7.2,1.5,6.3,1.3,5.9,1.3,5,1
Kingston upon Thames,E09000021,6.5,1.3,6.7,1.4,6.2,1.3,5.7,1.3,5.3,1.2,5,1.1,5.3,1.1
Merton,E09000024,7.1,1.2,7.4,1.4,7.6,1.4,6.5,1.4,6.3,1.3,5.5,1.2,4.9,1
Redbridge,E09000026,9.3,1.5,9.5,1.7,10,1.8,8.4,1.7,8,1.6,7.3,1.4,5.5,1.1
Richmond upon Thames,E09000027,5.7,1.1,5.4,1.1,4.4,1,4.5,1.1,4.2,1,4.6,1.1,4.5,1
Sutton,E09000029,6.5,1.2,7.1,1.3,7.2,1.5,6.7,1.6,5.1,1.2,5.3,1.3,4.8,1.1
Waltham Forest,E09000031,11.5,1.8,10.3,1.7,11.5,2,10.5,2,9.9,1.9,7.5,1.6,6.4,1.4
Bracknell Forest,E06000036,5.7,0.9,4.8,0.8,5.3,0.9,4.8,0.9,4.3,0.8,3.6,0.7,3.2,0.5
Brighton and Hove,E06000043,8,1.1,7.5,1.2,7.6,1.3,8.4,1.4,6.6,1.1,5.8,1,6.1,1
Isle of Wight,E06000046,8.7,1.4,9.1,1.4,8.3,1.4,9.2,1.5,7.6,1.3,6.4,1.1,5.4,0.9
Medway,E06000035,9.2,1.4,7.8,1.3,8.9,1.4,10.2,1.6,8.2,1.4,7.6,1.3,6.2,1
Milton Keynes,E06000042,8.9,1.3,7.4,1.2,7.7,1.3,8.5,1.4,6.7,1.1,5.8,1,4.8,0.8
Portsmouth,E06000044,7.8,1.2,8.1,1.3,7.6,1.3,8.1,1.4,7.3,1.3,6.4,1.2,6.3,1
Reading,E06000038,7.3,1.1,7.4,1.2,6,1,6.6,1.1,5.9,1,5.1,0.9,5,0.8
Slough,E06000039,8.2,1.3,7.6,1.3,9.9,1.6,8.3,1.5,7.7,1.4,4.9,1,4.6,0.9
Southampton,E06000045,8.4,1.2,6.8,1.1,8.1,1.3,7.9,1.3,7.5,1.3,5.6,1.1,6.3,1
West Berkshire,E06000037,4.8,0.8,4.8,0.8,4.6,0.8,4.6,0.9,3.5,0.7,3,0.6,2.9,0.5
Windsor and Maidenhead,E06000040,5.4,0.8,5.1,0.9,4.5,0.9,4.5,0.9,3.9,0.8,3.4,0.7,3.4,0.6
Wokingham,E06000041,4.7,0.8,4.3,0.8,4.3,0.8,3.9,0.8,3.3,0.7,2.9,0.6,3.1,0.6
Aylesbury Vale,E07000004,4.8,1,5.2,1.1,5.7,1.3,5.8,1.3,4.1,1,3.8,0.9,3.2,0.7
Chiltern,E07000005,5,1.2,4.1,1.1,4.2,1.1,4.9,1.4,3.9,1,3.2,0.9,3,0.8
South Bucks,E07000006,5.2,1.8,3.9,1.3,4.1,1.3,4.3,1.4,3.7,1.2,3.3,1,3.6,1
Wycombe,E07000007,6.3,1.3,5.7,1.2,5.5,1.3,6.5,1.5,4.8,1.1,5.6,1.3,4.1,0.8
Eastbourne,E07000061,7.4,1.7,6.9,1.8,6.7,1.8,7.9,2.1,7,1.8,6.3,1.7,6.1,1.6
Hastings,E07000062,8.8,2.1,10,2.5,9.4,2.5,10.5,2.9,8.7,2.4,8.4,2.3,7.5,2
Lewes,E07000063,6.1,1.5,5.2,1.3,5.6,1.6,5.5,1.6,5.1,1.4,5.2,1.5,3.9,1
Rother,E07000064,5.8,1.5,7.7,2,7.9,2.3,6.8,2.1,5.7,1.7,4.5,1.4,4.2,1.2
Wealden,E07000065,4.8,1,4.4,1.1,4.1,1,5.2,1.3,3.6,0.9,3.6,0.9,3.6,0.8
Basingstoke and Deane,E07000084,5.7,1.1,5.3,1.2,5.4,1.3,5.5,1.3,4.1,1,3.7,0.9,3.7,0.9
East Hampshire,E07000085,4.8,1.1,4.4,1.1,5.1,1.3,4.6,1.3,4.1,1.2,3.2,0.9,3.3,0.9
Eastleigh,E07000086,5.5,1.2,5.1,1.2,5.4,1.4,4.9,1.4,3.3,1,3.3,0.9,3.1,0.9
Fareham,E07000087,4.9,1.1,4.4,1.3,4.3,1.2,4.2,1.3,3.6,1.1,3.2,1,3.7,1
Gosport,E07000088,6.2,1.6,6.3,1.8,6.6,2.1,7.8,2.5,5.7,1.9,4.7,1.6,4.1,1.4
Hart,E07000089,4.1,1,4.3,1.2,3.9,1.1,3.6,1.2,3,0.9,2.4,0.7,2.7,0.9
Havant,E07000090,6.4,1.5,7,1.8,7.9,2.3,7.3,2,6.5,1.9,5.8,1.7,5.1,1.4
New Forest,E07000091,5.6,1.1,5.2,1.2,4.7,1.2,4.9,1.3,3.7,1,3.7,1,3.3,0.8
Rushmoor,E07000092,5.9,1.4,6,1.6,5.8,1.6,7.9,2.3,5.1,1.5,4.3,1.2,3,0.9
Test Valley,E07000093,4.5,1,4.1,1.1,4.3,1.3,4.5,1.4,3.6,1,2.9,0.9,3.2,0.9
Winchester,E07000094,4.6,1.1,4,1.1,4.1,1.1,4.6,1.3,3.1,0.9,2.5,0.8,2.5,0.7
Ashford,E07000105,6,1.3,5.8,1.4,6.5,1.7,6.9,1.8,5.4,1.4,4.9,1.3,5,1.2
Canterbury,E07000106,6.7,1.5,7.2,1.7,7.2,1.8,9.2,2.3,6.7,1.8,5.8,1.5,5.7,1.5
Dartford,E07000107,6.7,1.7,7,2.1,6.8,2,7.1,2.2,5.3,1.6,5.8,1.7,4.3,1.2
Dover,E07000108,6.6,1.5,8.5,2.1,7.7,2.2,8.4,2.3,7.4,2,6.6,1.9,5.3,1.5
Gravesham,E07000109,8.8,2.4,8,2.1,9.8,2.7,9.4,2.8,6.6,2.1,7.1,2.2,5.9,1.9
Maidstone,E07000110,5.4,1.2,4.8,1.1,5.7,1.4,6.9,1.8,5.2,1.3,4.6,1.2,3.8,0.9
Sevenoaks,E07000111,5,1.3,4.7,1.3,4.8,1.4,4.5,1.3,4,1.3,3.7,1.1,3.4,1
Folkestone and Hythe,E07000112,7.8,1.9,8.3,2,6.9,1.9,7.7,2.2,6.7,1.8,5.8,1.7,5.3,1.4
Swale,E07000113,7.9,1.7,8.5,1.9,8.9,2.1,8.5,2.2,7,1.8,6,1.6,5.9,1.5
Thanet,E07000114,8.7,1.9,11.6,2.6,11.3,2.8,12.4,3.5,9.7,2.6,8.8,2.3,6.9,1.7
Tonbridge and Malling,E07000115,5.2,1.2,5.2,1.4,5.8,1.7,6,1.8,4.2,1.2,3.9,1.1,3.8,1
Tunbridge Wells,E07000116,4.9,1.2,5,1.2,4.2,1.1,4,1.2,3.7,1.1,4,1.2,3.4,0.9
Cherwell,E07000177,5.3,1.2,5.1,1.2,4.6,1.2,4.4,1.2,3.8,1,3.3,0.9,3.4,0.8
Oxford,E07000178,6.1,1.4,6.2,1.5,5.8,1.5,6.4,1.7,5.2,1.4,3.6,1,4.6,1.1
South Oxfordshire,E07000179,4.2,0.9,4.3,1,3.9,1,3.7,1,3.1,0.8,2.7,0.8,2.7,0.7
Vale of White Horse,E07000180,4.6,1.1,4,1,4.4,1.2,4.4,1.2,3.5,0.9,3.1,0.9,2.9,0.8
West Oxfordshire,E07000181,3.9,1,4,1,3.7,1.1,4.2,1.3,3.4,1,3.1,1,2.6,0.7
Elmbridge,E07000207,4.5,1,4.4,1.1,4.6,1.2,4,1.1,3.1,0.8,3.3,0.9,3.4,0.9
Epsom and Ewell,E07000208,5.3,1.4,4.4,1.5,4,1.4,4.8,1.6,3.7,1.3,2.9,1,2.7,0.9
Guildford,E07000209,4.8,1.1,4.7,1.1,4.8,1.2,5.7,1.5,4.2,1.2,3.4,0.9,3.2,0.8
Mole Valley,E07000210,4.7,1.2,4.2,1.1,3.9,1.1,4.5,1.3,3,1,3.1,1,3,0.8
Reigate and Banstead,E07000211,5.6,1.2,4,1,4.7,1.3,5,1.3,4,1.1,3.8,1,3,0.7
Runnymede,E07000212,4.8,1.3,5.5,1.5,4.6,1.4,4.4,1.4,4,1.2,3.3,1,3.4,1
Spelthorne,E07000213,6,1.4,5.2,1.4,4.8,1.4,4.8,1.3,4.3,1.2,3.9,1.1,3.8,0.9
Surrey Heath,E07000214,4.5,1.2,4.5,1.3,4.8,1.4,5.4,1.6,4.3,1.3,3.2,1,3,0.8
Tandridge,E07000215,4.5,1.2,4.8,1.4,4.9,1.5,4.8,1.5,3.9,1.3,3.4,1.1,2.7,0.8
Waverley,E07000216,4.5,1,3.8,1,4.3,1.2,4.4,1.2,4.2,1.2,3.2,0.9,2.8,0.7
Woking,E07000217,5,1.2,4.8,1.3,4.5,1.3,4.4,1.3,4.2,1.2,3.5,1,2.4,0.6
Adur,E07000223,6.9,1.8,7.3,2.2,5.4,2.1,6.8,2.5,5,1.8,5,1.6,4.2,1.3
Arun,E07000224,6.4,1.5,6,1.5,5.8,1.6,5.2,1.4,4.4,1.2,3.8,1.1,4.9,1.3
Chichester,E07000225,4.4,1.1,4.7,1.3,4.9,1.4,4.9,1.4,4.1,1.2,3.2,1,2.9,0.8
Crawley,E07000226,8.6,2.2,6.3,1.6,6.7,1.7,8.2,2.1,5.5,1.5,5.6,1.5,4.5,1.2
Horsham,E07000227,4.8,1.1,4.9,1.2,4.3,1.1,4.5,1.2,4.1,1.1,3.6,0.9,2.9,0.7
Mid Sussex,E07000228,4.5,1,3.9,1,3.8,1,3.3,0.9,2.9,0.8,2.7,0.7,2.7,0.6
Worthing,E07000229,6.6,1.6,6.5,1.7,5.9,1.7,6.5,1.9,5.2,1.6,4.1,1.2,4.5,1.2
Bath and North East Somerset,E06000022,5.7,0.9,5.6,1,6.2,1.2,5.3,1.1,5,0.9,3.7,0.7,4.1,0.7
Bournemouth,E06000028,7.5,1.1,7.3,1.2,6.7,1.2,6.2,1.2,6.7,1.2,4.7,0.9,5.4,0.9
"Bristol, City of",E06000023,7.9,1.2,7.4,1.2,7.7,1.4,8.1,1.5,8.3,1.4,5.5,1.1,5.3,0.9
Cornwall,E06000052,6.1,-,6.4,-,6.4,-,6.1,-,5.4,-,4.2,-,4.4,-
Isles of Scilly,E06000053,-,-,-,-,-,-,-,-,-,-,-,-,-,-
North Somerset,E06000024,5.8,0.9,5.6,1,6.4,1.2,6.2,1.3,5.3,1,4.1,0.8,3.6,0.7
Plymouth,E06000026,7.8,1.2,7.4,1.2,8.6,1.4,8.7,1.5,7.8,1.2,6.3,1.1,6,0.9
Poole,E06000029,5.9,0.9,4.9,0.9,5.5,1,4.1,0.9,4.4,0.8,4.1,0.8,3.6,0.7
South Gloucestershire,E06000025,5,0.8,4.9,0.9,5.9,1.1,5.5,1.1,5.1,1,3.9,0.8,3.3,0.6
Swindon,E06000030,7.7,1.2,6.8,1.2,7.3,1.3,7.3,1.4,5.6,1,5.1,0.9,4,0.7
Torbay,E06000027,8.7,1.3,8.8,1.4,8.7,1.5,7.3,1.3,7.5,1.2,6,1.2,5.2,0.9
Wiltshire,E06000054,5.4,-,4.9,-,5.5,-,4.8,-,4.7,-,3.6,-,3.3,-
East Devon,E07000040,4,1,5.5,1.4,4.8,1.3,3.4,1.1,3.6,1,2.6,0.9,3.1,0.8
Exeter,E07000041,6.1,1.5,6,1.6,6.3,1.7,5.5,1.6,5.6,1.5,4.2,1.2,4.7,1.2
Mid Devon,E07000042,5.1,1.5,5.1,1.5,5.4,1.7,3.9,1.4,4.3,1.3,3,1.1,2.4,0.7
North Devon,E07000043,5.3,1.5,5.2,1.5,4.9,1.4,4.3,1.4,5.2,1.5,3.4,1.1,3.3,1
South Hams,E07000044,4.1,1.1,4.4,1.4,4,1.3,3.8,1.2,3.9,1.1,3.3,1.1,3.4,1
Teignbridge,E07000045,4.9,1.3,5.7,1.4,5.3,1.4,4.3,1.2,5.3,1.4,3,0.9,3.3,0.8
Torridge,E07000046,6.5,1.9,7.6,2.3,6.9,2.1,5.5,2,6.1,2.2,4.9,1.9,4.8,1.5
West Devon,E07000047,4.5,1.4,6,1.9,5.5,1.9,4.6,1.8,3.5,1.4,2.5,1,2.8,1
Christchurch,E07000048,5.6,1.6,5.1,1.6,4.8,1.6,4.4,1.5,4.9,1.6,3.7,1.3,3.4,1.1
East Dorset,E07000049,4.4,1,4.3,1.1,4.1,1.1,3,0.9,3.3,0.9,2.8,0.8,3.1,0.8
North Dorset,E07000050,4.1,1,3.8,1.1,4.1,1.2,3.4,1.1,3.4,1,2.9,0.9,2.8,0.8
Purbeck,E07000051,4.3,1.2,5,1.6,4.3,1.4,3.8,1.3,4,1.3,3.1,1.2,2.9,1.1
West Dorset,E07000052,4,0.9,4.4,1.1,3.6,1,2.8,0.9,3,0.8,3,0.9,2.9,0.8
Weymouth and Portland,E07000053,7.8,2.3,7.5,1.9,6.3,1.7,6.2,1.9,6.7,1.9,4.3,1.4,4.8,1.6
Cheltenham,E07000078,7.3,1.6,6.1,1.5,7.3,2,7,2,6.2,1.7,4.7,1.2,4.1,1
Cotswold,E07000079,4.7,1.3,3.9,1.1,4,1.3,3.8,1.2,3.3,1,2.6,0.9,2.6,0.8
Forest of Dean,E07000080,7,1.7,5.4,1.5,6.5,1.9,6.6,2,5.5,1.6,4.1,1.2,4.2,1.1
Gloucester,E07000081,7.5,1.7,6.7,1.7,8.2,2.1,7.5,2.1,7.1,1.8,6.9,1.8,4.2,1.1
Stroud,E07000082,5.8,1.3,5,1.2,4.7,1.3,4.3,1.3,4.4,1.2,3.4,1,2.9,0.8
Tewkesbury,E07000083,5.8,1.7,5.2,1.4,5.1,1.6,4.5,1.3,4.5,1.3,4.1,1.2,3.5,1
Mendip,E07000187,5.7,1.4,5.4,1.4,6,1.6,4.5,1.4,5.3,1.4,3.9,1.1,4.4,1.2
Sedgemoor,E07000188,7.8,1.7,6.5,1.6,6.6,1.8,5.9,1.7,6.3,1.7,5.7,1.5,4.6,1.2
South Somerset,E07000189,4.8,1.1,5,1.2,5.3,1.3,4.6,1.3,4.2,1.1,3.8,1,3.6,0.9
Taunton Deane,E07000190,6.2,1.5,5.5,1.5,5.3,1.5,5.4,1.6,5.1,1.4,4.1,1.1,4.2,1.2
West Somerset,E07000191,4.6,1.8,5.5,2.2,5,2.5,4.5,2.3,5.9,2.5,3,1.6,3.1,1.5
Isle of Anglesey,W06000001,7.3,1.2,7.7,1.3,6.8,1.2,7.5,1.3,7.3,1.2,6.5,1.1,4.9,0.8
Gwynedd,W06000002,6.1,1,6.9,1.1,6.6,1.2,6.5,1.2,6.2,1.1,6.2,1.2,4.6,0.8
Conwy,W06000003,6.9,1,7.3,1.1,7.1,1.2,6.6,1.2,5.8,1,6,1.1,4.4,0.7
Denbighshire,W06000004,7.6,1.1,7.6,1.2,7.5,1.3,7.7,1.3,7,1.2,6.4,1.1,4.3,0.7
Flintshire,W06000005,7.1,1.1,7.1,1.1,6.3,1.1,6.3,1.2,6.3,1.1,4.5,0.8,4.1,0.7
Wrexham,W06000006,7.3,1.1,7.7,1.2,7.6,1.3,6.9,1.3,6.2,1.1,5.9,1,4.3,0.8
Powys,W06000023,5,0.9,5.7,0.9,5.2,1,4.6,0.9,4.1,0.8,3.8,0.8,3,0.6
Ceredigion,W06000008,5.2,0.9,6.3,1.2,6.2,1.3,5.1,1.1,5,1,4.9,1,4.1,0.8
Pembrokeshire,W06000009,6.4,1,7.5,1.2,6.8,1.2,6.6,1.3,6.3,1.1,6,1.1,4.3,0.8
Carmarthenshire,W06000010,6.4,1,7.5,1.2,6.6,1.2,6.7,1.3,6.2,1.1,6.2,1.1,4.3,0.7
Swansea,W06000011,8.3,1.2,9.5,1.4,9.1,1.5,8.1,1.4,7.7,1.3,7.4,1.3,5.3,0.9
Neath Port Talbot,W06000012,8.9,1.3,9.5,1.4,8.7,1.5,7.9,1.4,7.5,1.3,6.7,1.2,5.5,1
Bridgend,W06000013,8.6,1.2,8,1.2,8.5,1.4,7.7,1.4,7.2,1.3,6.4,1.2,4.8,0.8
Vale of Glamorgan,W06000014,7.9,1.2,7.7,1.2,7.6,1.3,7.8,1.4,6.6,1.2,6.1,1.1,4,0.8
Cardiff,W06000015,8.5,1.3,8.8,1.4,9.4,1.5,10,1.6,7.9,1.3,7.9,1.3,6,1
Rhondda Cynon Taff,W06000016,9.5,1.3,10.5,1.5,10.5,1.6,11.8,1.9,8.7,1.4,6.9,1.2,5.6,0.9
Merthyr Tydfil,W06000024,11.7,1.8,11.7,1.9,12.5,2.1,11.1,2,8.6,1.6,7.5,1.4,5.9,1.1
Caerphilly,W06000018,10,1.4,10.5,1.5,10.4,1.5,9,1.5,8.4,1.4,8.5,1.4,5.8,1
Blaenau Gwent,W06000019,13.6,2,13.4,2.1,14.2,2.3,15.5,2.6,11.5,1.9,9.7,1.6,7,1.2
Torfaen,W06000020,9.3,1.3,10,1.4,10.7,1.6,11.4,1.8,8.7,1.4,7.3,1.3,5.1,0.9
Monmouthshire,W06000021,5.9,0.9,5.1,0.9,5.5,1,5.4,1,4.7,0.9,4.7,0.9,3.2,0.6
Newport,W06000022,9.6,1.3,10.6,1.5,9.9,1.5,9.6,1.6,8.2,1.4,8.3,1.5,6.2,1.1
Aberdeen City,S12000033,4.7,0.8,5.3,0.9,5.4,1,4.7,1,5,1,4.1,0.8,5.2,0.9
Aberdeenshire,S12000034,3.3,0.6,3.9,0.7,3.7,0.8,3,0.7,3.3,0.7,2.6,0.6,3.4,0.6
Angus,S12000041,5.9,0.9,7,1.1,6.2,1.1,6.3,1.2,5.6,1,5.1,1,4.5,0.8
Argyll and Bute,S12000035,6,0.9,6.3,1,6.6,1.2,6.3,1.2,5.6,1,4.7,0.9,4.3,0.8
Clackmannanshire,S12000005,7.9,1.5,8.6,1.7,10.1,2.3,9.8,2.3,9.3,2,6.3,1.4,5.5,1.1
Dumfries and Galloway,S12000006,6,0.9,6.8,1.2,7.8,1.3,8,1.4,6.3,1.1,5.1,0.9,4.4,0.7
Dundee City,S12000042,9.3,1.3,8.8,1.4,10.4,1.6,11.2,1.8,10.8,1.7,8.4,1.5,8.2,1.3
East Ayrshire,S12000008,9.6,1.3,9.9,1.4,11,1.7,10.9,1.8,10.4,1.7,7.8,1.4,7,1.2
East Dunbartonshire,S12000045,6.1,1,5.9,1,6.3,1.2,5.1,1,5,1,4.9,1,3.8,0.7
East Lothian,S12000010,6.2,1,7,1.2,6.9,1.3,6.3,1.3,6,1.1,4.9,1,4.6,0.8
East Renfrewshire,S12000011,6.1,0.9,5.6,1,5.8,1.1,5.8,1.2,5.4,1,4.7,0.9,3.7,0.7
City of Edinburgh,S12000036,7,1,6.5,1,6.9,1.2,7,1.3,6.4,1.1,5,1,5.4,1
Na h-Eileanan Siar,S12000013,6.2,1.6,6.7,1.8,7,1.9,6.3,1.7,5.7,1.4,5.4,1.5,4.2,1
Falkirk,S12000014,7.5,1.1,8,1.2,8.8,1.4,7.8,1.4,7.2,1.2,6.3,1.1,4.9,0.8
Fife,S12000015,8.2,1.2,9,1.3,8.8,1.4,9.2,1.6,7.5,1.3,6.3,1.1,5.8,1
Glasgow City,S12000046,11.3,1.4,11.5,1.5,11.2,1.7,11.9,1.9,10.3,1.7,9.4,1.6,7.7,1.2
Highland,S12000017,4.7,0.8,5.2,0.9,4.7,0.9,5.3,1.1,5,1,3.5,0.7,3.8,0.7
Inverclyde,S12000018,8.9,1.3,8.9,1.4,12.2,1.8,10.1,1.8,7.8,1.3,7.4,1.4,6.7,1.1
Midlothian,S12000019,6.9,1.1,7.6,1.3,7,1.3,6.2,1.3,6.7,1.3,5.2,1.1,4.6,0.9
Moray,S12000020,4.7,0.8,4.9,0.9,5.1,1,4.8,0.9,4.7,0.9,4.6,0.9,4.2,0.8
North Ayrshire,S12000021,11.2,1.5,11.7,1.6,12.9,1.9,13,2,9.9,1.6,9.1,1.5,8.1,1.3
North Lanarkshire,S12000044,9.6,1.3,10.1,1.4,11.1,1.6,9.9,1.6,9.1,1.4,7.3,1.2,5.8,0.9
Orkney Islands,S12000023,2.7,0.7,3.9,1,4.1,1.2,3.2,1.1,3.4,1.1,2.5,0.8,2.8,1
Perth and Kinross,S12000024,5.1,0.8,5.1,0.9,6.1,1.1,5.3,1.1,5,0.9,4,0.8,3.6,0.7
Renfrewshire,S12000038,8.7,1.2,9.5,1.4,9.4,1.5,8.4,1.5,8,1.3,6,1.1,5.6,0.9
Scottish Borders,S12000026,5.8,0.9,5.8,1,6.1,1.1,5.5,1.1,4.9,0.9,4.3,0.9,4.3,0.8
Shetland Islands,S12000027,3.3,0.8,3.5,0.9,3.3,1,3.4,1.2,3.2,1,2.6,1,2.6,0.8
South Ayrshire,S12000028,8.3,1.2,8.9,1.3,9,1.5,8.4,1.5,7.6,1.4,6.4,1.2,5.7,1
South Lanarkshire,S12000029,8,1.1,7.7,1.2,8,1.3,7.4,1.3,7.4,1.2,5.8,1,5.2,0.8
Stirling,S12000030,7.2,1.2,7.1,1.2,7.3,1.4,8.1,1.6,6.7,1.3,5.2,1.1,4.8,0.9
West Dunbartonshire,S12000039,10.1,1.4,10.7,1.5,11.3,1.7,10.8,1.7,10.4,1.6,7.9,1.4,6.3,1.1
West Lothian,S12000040,7.6,1.1,7.6,1.2,6.9,1.2,7.7,1.4,6.8,1.2,5.6,1,4.7,0.8
,,,,,,,,,,,,,,,
,,,,,,,,,,,,,,,
,,,,,,,,,,,,,,,
-,These figures are missing.,,,,,,,,,,,,,,
,,,,,,,,,,,,,,,
,Unemployment estimates for local authority areas except county councils are,,,,,,,,,,,,,,
,model-based.,,,,,,,,,,,,,,
,Estimates for other geography types are not model-based and are taken,,,,,,,,,,,,,,
,directly from,,,,,,,,,,,,,,
,the Annual Population Survey dataset.,,,,,,,,,,,,,,
